{"cameraMode":{"drawMode":0,"name":"Shaded","section":"Shading Mode"},"sceneLighting":false,"audioPlay":false,"sceneViewState":{"showFog":true,"showMaterialUpdate":false,"showSkybox":false,"showFlares":true,"showImageEffects":true,"showParticleSystems":true},"in2DMode":false,"pivot":{"x":0.0,"y":6.396883487701416,"z":0.16985711455345155},"rotation":{"x":-0.23464873433113099,"y":0.2199370115995407,"z":-0.05459435656666756,"w":-0.9452977776527405},"size":4.149922847747803,"orthographic":false}