{"cameraMode":{"drawMode":0,"name":"Shaded","section":"Shading Mode"},"sceneLighting":false,"audioPlay":false,"sceneViewState":{"showFog":true,"showMaterialUpdate":false,"showSkybox":false,"showFlares":true,"showImageEffects":true,"showParticleSystems":true},"in2DMode":false,"pivot":{"x":8.217397689819336,"y":-2.330883026123047,"z":-2.9584121704101564},"rotation":{"x":-0.6274768114089966,"y":0.0016328573692589999,"z":-0.0013160069938749076,"w":-0.7786334753036499},"size":13.062984466552735,"orthographic":false}