{"cameraMode":{"drawMode":0,"name":"Shaded","section":"Shading Mode"},"sceneLighting":false,"audioPlay":false,"sceneViewState":{"showFog":true,"showMaterialUpdate":false,"showSkybox":false,"showFlares":true,"showImageEffects":true,"showParticleSystems":true},"in2DMode":false,"pivot":{"x":0.0,"y":0.8968834280967712,"z":0.0301428884267807},"rotation":{"x":0.5576346516609192,"y":-0.02738114446401596,"z":0.018408652395009996,"w":0.8294330835342407},"size":4.149922847747803,"orthographic":false}