{"cameraMode":{"drawMode":0,"name":"Shaded","section":"Shading Mode"},"sceneLighting":false,"audioPlay":false,"sceneViewState":{"showFog":true,"showMaterialUpdate":false,"showSkybox":false,"showFlares":true,"showImageEffects":true,"showParticleSystems":true},"in2DMode":false,"pivot":{"x":0.14547616243362428,"y":-1.375443935394287,"z":-2.759821891784668},"rotation":{"x":-0.0024929430801421406,"y":-0.9696287512779236,"z":0.24438582360744477,"w":-0.009894078597426415},"size":9.545930862426758,"orthographic":false}